{
    "models": {
        "arbitraryMagField": {
            "interpolationOrder": 1,
            "longitudinalPosition": 0,
            "magneticFile": "ivu21_srx_g6_2c.dat"
        },
        "beamline": [
            {
                "asymmetryAngle": 0,
                "crystalThickness": 0.01,
                "dSpacing": 3.1355713563754857,
                "diffractionAngle": "0",
                "energy": 6000,
                "grazingAngle": 335.8284481157086,
                "h": "1",
                "heightAmplification": 1,
                "heightProfileFile": null,
                "id": 2,
                "k": "1",
                "l": "1",
                "material": "Si (SRW)",
                "nvx": -0.311102632947337,
                "nvy": 0.8914095536401442,
                "nvz": -0.32955145190442325,
                "orientation": "x",
                "position": 20,
                "psi0i": 1.1015063485430448e-06,
                "psi0r": -2.7402729637366232e-05,
                "psiHBi": 7.690427061210356e-07,
                "psiHBr": -1.4525818469384131e-05,
                "psiHi": 7.690427061210356e-07,
                "psiHr": -1.4525818469384131e-05,
                "rotationAngle": 0,
                "title": "Crystal",
                "tvx": -0.10859044538849942,
                "tvy": 0.3111467091624797,
                "type": "crystal"
            },
            {
                "asymmetryAngle": 0,
                "crystalThickness": 0.01,
                "dSpacing": 3.1355713563754857,
                "diffractionAngle": "0",
                "energy": 6000,
                "grazingAngle": 335.8284481157086,
                "h": "1",
                "heightAmplification": 1,
                "heightProfileFile": null,
                "id": 3,
                "k": "1",
                "l": "1",
                "material": "Si (SRW)",
                "nvx": 0.311102632947337,
                "nvy": 0.8914095536401442,
                "nvz": -0.32955145190442325,
                "orientation": "x",
                "position": 20.1,
                "psi0i": 1.1015063485430448e-06,
                "psi0r": -2.7402729637366232e-05,
                "psiHBi": 7.690427061210356e-07,
                "psiHBr": -1.4525818469384131e-05,
                "psiHi": 7.690427061210356e-07,
                "psiHr": -1.4525818469384131e-05,
                "rotationAngle": 0,
                "title": "Crystal",
                "tvx": 0.10859044538849942,
                "tvy": 0.3111467091624797,
                "type": "crystal"
            },
            {
                "id": 4,
                "position": 21,
                "title": "Watchpoint",
                "type": "watch"
            }
        ],
        "beamline3DReport": {
            "condenseBeamline": "1",
            "includeSource": "1",
            "projection": "parallel",
            "showLabels": "1",
            "showPosition": "1"
        },
        "brillianceReport": {
            "brightnessComponent": "k-tuning",
            "detuning": 0,
            "energyDelta": 10,
            "energyPointCount": 100,
            "finalHarmonic": 5,
            "harmonic": "5",
            "initialHarmonic": 1,
            "minDeflection": 0.2,
            "notes": "",
            "plotScale": "linear",
            "reportType": "0"
        },
        "coherenceXAnimation": {
            "aspectRatio": "1",
            "colorMap": "grayscale",
            "intensityPlotsWidth": "0",
            "plotScale": "linear"
        },
        "coherenceYAnimation": {
            "aspectRatio": "1",
            "colorMap": "grayscale",
            "intensityPlotsWidth": "0",
            "plotScale": "linear"
        },
        "electronBeam": {
            "beamDefinition": "t",
            "beamSelector": "NSLS-II Low Beta Final",
            "current": 0.5,
            "energy": 3,
            "energyDeviation": 0,
            "horizontalAlpha": 0,
            "horizontalBeta": 2.02,
            "horizontalDispersion": 0,
            "horizontalDispersionDerivative": 0,
            "horizontalEmittance": 0.55,
            "isReadOnly": true,
            "name": "NSLS-II Low Beta Final",
            "rmsDivergX": 16.50082506188016,
            "rmsDivergY": 2.7472112789737806,
            "rmsSizeX": 33.33166662499792,
            "rmsSizeY": 2.9120439557122078,
            "rmsSpread": 0.00089,
            "verticalAlpha": 0,
            "verticalBeta": 1.06,
            "verticalDispersion": 0,
            "verticalDispersionDerivative": 0,
            "verticalEmittance": 0.008,
            "xxprX": 0,
            "xxprY": 0
        },
        "electronBeamPosition": {
            "drift": -1.54,
            "driftCalculationMethod": "auto",
            "horizontalAngle": 0,
            "horizontalPosition": 0,
            "verticalAngle": 0,
            "verticalPosition": 0
        },
        "fluxAnimation": {
            "azimuthalPrecision": 1,
            "distanceFromSource": 20,
            "finalEnergy": 20000,
            "finalHarmonic": 15,
            "fluxType": 1,
            "horizontalApertureSize": "1",
            "horizontalPosition": 0,
            "initialEnergy": 10000,
            "initialHarmonic": 1,
            "longitudinalPrecision": 1,
            "magneticField": 2,
            "method": 1,
            "notes": "",
            "numberOfMacroElectrons": 1000,
            "photonEnergyPointCount": 1000,
            "plotScale": "linear",
            "polarization": 6,
            "precision": 0.01,
            "verticalApertureSize": "1",
            "verticalPosition": 0
        },
        "fluxReport": {
            "azimuthalPrecision": 1,
            "distanceFromSource": 20,
            "finalEnergy": 20000,
            "finalHarmonic": 15,
            "fluxType": 1,
            "horizontalApertureSize": "1",
            "horizontalPosition": 0,
            "initialEnergy": "100",
            "initialHarmonic": 1,
            "longitudinalPrecision": 1,
            "magneticField": 1,
            "method": -1,
            "notes": "",
            "numberOfMacroElectrons": 1,
            "photonEnergyPointCount": 10000,
            "plotScale": "linear",
            "polarization": 6,
            "precision": 0.01,
            "verticalApertureSize": "1",
            "verticalPosition": 0
        },
        "gaussianBeam": {
            "energyPerPulse": "0.001",
            "photonEnergy": 5399.9,
            "polarization": 1,
            "rmsDivergenceX": 0,
            "rmsDivergenceY": 0,
            "rmsPulseDuration": 0.1,
            "rmsSizeX": "9.78723",
            "rmsSizeY": "9.78723",
            "sizeDefinition": "1",
            "waistAngleX": 0,
            "waistAngleY": 0,
            "waistX": 0,
            "waistY": 0,
            "waistZ": 0
        },
        "initialIntensityReport": {
            "aspectRatio": "1",
            "characteristic": 0,
            "colorMap": "grayscale",
            "copyCharacteristic": "0",
            "fieldUnits": 1,
            "intensityPlotsWidth": "0",
            "notes": "",
            "plotScale": "linear",
            "polarization": 6,
            "precision": 0.01,
            "rotateAngle": 0,
            "rotateReshape": "1"
        },
        "intensityReport": {
            "distanceFromSource": 20,
            "fieldUnits": "1",
            "finalEnergy": "20000",
            "horizontalPosition": "0",
            "initialEnergy": "100",
            "magneticField": "1",
            "method": "1",
            "notes": "",
            "photonEnergyPointCount": 10000,
            "plotScale": "linear",
            "polarization": 6,
            "precision": 0.01,
            "verticalPosition": 0
        },
        "mirrorReport": {
            "intensityPlotsWidth": "0",
            "notes": "",
            "plotScale": "linear"
        },