{
    "models": {
        "beamline": [
            {
                "asymmetryAngle": 0,
                "crystalThickness": 0.01,
                "dSpacing": 3.1355713563754857,
                "energy": 6000,
                "grazingAngle": 0.3357843719005515,
                "h": "1",
                "heightAmplification": 1,
                "heightProfileFile": null,
                "id": 2,
                "k": "1",
                "l": "1",
                "material": "Si (SRW)",
                "nvx": -0.311102632947337,
                "nvy": 0.8914095536401442,
                "nvz": -0.32955145190442325,
                "orientation": "x",
                "position": 20,
                "psi0i": 1.1015063485430448e-06,
                "psi0r": -2.7402729637366232e-05,
                "psiHBi": 7.690427061210356e-07,
                "psiHBr": -1.4525818469384131e-05,
                "psiHi": 7.690427061210356e-07,
                "psiHr": -1.4525818469384131e-05,
                "rotationAngle": 0,
                "title": "Crystal",
                "tvx": -0.10859044538849942,
                "tvy": 0.3111467091624797,
                "type": "crystal"
            },
            {
                "asymmetryAngle": 0,
                "crystalThickness": 0.01,
                "dSpacing": 3.1355713563754857,
                "energy": 6000,
                "grazingAngle": -0.3357843719005515,
                "h": "1",
                "heightAmplification": 1,
                "heightProfileFile": null,
                "id": 3,
                "k": "1",
                "l": "1",
                "material": "Si (SRW)",
                "nvx": 0.311102632947337,
                "nvy": 0.8914095536401442,
                "nvz": -0.32955145190442325,
                "orientation": "x",
                "position": 20.1,
                "psi0i": 1.1015063485430448e-06,
                "psi0r": -2.7402729637366232e-05,
                "psiHBi": 7.690427061210356e-07,
                "psiHBr": -1.4525818469384131e-05,
                "psiHi": 7.690427061210356e-07,
                "psiHr": -1.4525818469384131e-05,
                "rotationAngle": 0,
                "title": "Crystal",
                "tvx": 0.10859044538849942,
                "tvy": 0.3111467091624797,
                "type": "crystal"
            },
            {
                "id": 4,
                "position": 21,
                "title": "Watchpoint",
                "type": "watch"
            }
        ],
        "electronBeam": {
            "beamDefinition": "t",
            "beamSelector": "NSLS-II Low Beta Final",
            "current": 0.5,
            "drift": -1.54,
            "driftCalculationMethod": "auto",
            "energy": 3,
            "energyDeviation": 0,
            "horizontalAlpha": 0,
            "horizontalBeta": 2.02,
            "horizontalDispersion": 0,
            "horizontalDispersionDerivative": 0,
            "horizontalEmittance": 0.55,
            "horizontalPosition": 0,
            "isReadOnly": true,
            "name": "NSLS-II Low Beta Final",
            "rmsDivergX": 16.50082506188016,
            "rmsDivergY": 2.7472112789737806,
            "rmsSizeX": 33.33166662499792,
            "rmsSizeY": 2.9120439557122078,
            "rmsSpread": 0.00089,
            "verticalAlpha": 0,
            "verticalBeta": 1.06,
            "verticalDispersion": 0,
            "verticalDispersionDerivative": 0,
            "verticalEmittance": 0.008,
            "verticalPosition": 0,
            "xxprX": 0,
            "xxprY": 0
        },
        "electronBeams": [],
        "fluxAnimation": {
            "azimuthalPrecision": 1,
            "distanceFromSource": 20,
            "finalEnergy": 20000,
            "finalHarmonic": 15,
            "fluxType": 1,
            "horizontalApertureSize": "1",
            "horizontalPosition": 0,
            "initialEnergy": 10000,
            "initialHarmonic": 1,
            "longitudinalPrecision": 1,
            "magneticField": 2,
            "method": 1,
            "photonEnergyPointCount": 1000,
            "polarization": 6,
            "precision": 0.01,
            "verticalApertureSize": "1",
            "verticalPosition": 0
        },
        "fluxReport": {
            "azimuthalPrecision": 1,
            "distanceFromSource": 20,
            "finalEnergy": 20000,
            "finalHarmonic": 15,
            "fluxType": 1,
            "horizontalApertureSize": "1",
            "horizontalPosition": 0,
            "initialEnergy": "100",
            "initialHarmonic": 1,
            "longitudinalPrecision": 1,
            "magneticField": 1,
            "method": -1,
            "photonEnergyPointCount": 10000,
            "polarization": 6,
            "precision": 0.01,
            "verticalApertureSize": "1",
            "verticalPosition": 0
        },
        "gaussianBeam": {
            "energyPerPulse": "0.001",
            "polarization": 1,
            "rmsPulseDuration": 0.1,
            "rmsSizeX": "9.78723",
            "rmsSizeY": "9.78723",
            "waistAngleX": 0,
            "waistAngleY": 0,
            "waistX": 0,
            "waistY": 0,
            "waistZ": 0
        },
        "initialIntensityReport": {
            "characteristic": 0,
            "fieldUnits": 1,
            "polarization": 6,
            "precision": 0.01
        },
        "intensityReport": {
            "distanceFromSource": 20,
            "fieldUnits": "1",
            "finalEnergy": "20000",
            "horizontalPosition": "0",
            "initialEnergy": "100",
            "magneticField": "1",
            "method": "1",
            "photonEnergyPointCount": 10000,
            "polarization": 6,
            "precision": 0.01,
            "verticalPosition": 0
        },
        "multiElectronAnimation": {
            "horizontalPosition": 0,
            "horizontalRange": "0.4",
            "stokesParameter": "0",
            "verticalPosition": 0,
            "verticalRange": "0.6"
        },
        "multipole": {
            "distribution": "n",
            "field": 0.4,
            "length": 3,
            "order": 1
        },
        "panelState": {
            "hidden": [
                "sourceIntensityReport",
                "trajectoryReport",
                "powerDensityReport",
                "fluxReport"
            ]
        },
        "postPropagation": [
            0,
            0,
            1,
            0,
            0,
            1,
            1,
            1,
            1
        ],
        "powerDensityReport": {
            "distanceFromSource": 20,
            "horizontalPointCount": 100,
            "horizontalPosition": "0",
            "horizontalRange": "15",
            "method": 1,
            "precision": "1",
            "verticalPointCount": 100,
            "verticalPosition": 0,
            "verticalRange": "15"
        },
        "propagation": {
            "2": [
                [
                    0,
                    0,
                    1,
                    0,
                    0,
                    1,
                    1,
                    1,
                    1
                ],
                [
                    0,
                    0,
                    1,
                    1,
                    0,
                    1,
                    1,
                    1,
                    1
                ]
            ],