{
    "models": {
        "beamline": [
            {
                "asymmetryAngle": 0,
                "crystalThickness": 0.01,
                "dSpacing": 3.1355713563754857,
                "energy": 20358,
                "grazingAngle": 1.57079632,
                "h": "1",
                "heightAmplification": 1,
                "heightProfileFile": "Si_heat204.dat",
                "id": 12,
                "k": "1",
                "l": "1",
                "material": "Si (SRW)",
                "nvx": -0.0966554453405512,
                "nvy": 0.9905675873988612,
                "nvz": -0.097126616747518,
                "orientation": "y",
                "position": 31.94,
                "psi0i": 8.597903864165458e-09,
                "psi0r": -2.3340005016580434e-06,
                "psiHBi": 6.002829909616196e-09,
                "psiHBr": -1.229445079930407e-06,
                "psiHi": 6.002829909616196e-09,
                "psiHr": -1.229445079930407e-06,
                "rotationAngle": 0,
                "title": "MOAT (1)",
                "tvx": -0.009432412528249381,
                "tvy": 0.09666751923327799,
                "type": "crystal"
            },
            {
                "asymmetryAngle": 0,
                "crystalThickness": 0.01,
                "dSpacing": 3.1355713563754857,
                "energy": 20358,
                "grazingAngle": -1.57079632,
                "h": "1",
                "heightAmplification": 1,
                "heightProfileFile": null,
                "id": 13,
                "k": "1",
                "l": "1",
                "material": "Si (SRW)",
                "nvx": 0.0966554453405512,
                "nvy": 0.9905675873988612,
                "nvz": -0.097126616747518,
                "orientation": "x",
                "position": 31.99,
                "psi0i": 8.597903864165458e-09,
                "psi0r": -2.3340005016580434e-06,
                "psiHBi": 6.002829909616196e-09,
                "psiHBr": -1.229445079930407e-06,
                "psiHi": 6.002829909616196e-09,
                "psiHr": -1.229445079930407e-06,
                "rotationAngle": 0,
                "title": "MOAT (2)",
                "tvx": 0.009432412528249381,
                "tvy": 0.09666751923327799,
                "type": "crystal"
            },
            {
                "autocomputeVectors": "horizontal",
                "grazingAngle": 3.141592653998904,
                "heightAmplification": 1,
                "heightProfileFile": "HFM_Rh7.6km.dat",
                "id": 15,
                "normalVectorX": 0.9999950652018569,
                "normalVectorY": 0,
                "normalVectorZ": -0.003141587486288672,
                "orientation": "x",
                "position": 34.88244,
                "radius": 7100,
                "sagittalSize": 0.04,
                "tangentialSize": 0.5,
                "tangentialVectorX": 0.003141587486288672,
                "tangentialVectorY": 0,
                "title": "HFM",
                "type": "sphericalMirror"
            },
            {
                "grazingAngle": 3.141592653998904,
                "heightAmplification": 1,
                "heightProfileFile": "VFM_Rh5.4km.dat",
                "id": 16,
                "normalVectorX": 0,
                "normalVectorY": 0.9999950652018569,
                "normalVectorZ": -0.003141587486288672,
                "orientation": "y",
                "position": 38.30244,
                "radius": 6100,
                "sagittalSize": 0.04,
                "tangentialSize": 0.4,
                "tangentialVectorX": 0,
                "tangentialVectorY": 0.003141587486288672,
                "title": "VFM",
                "type": "sphericalMirror"
            },
            {
                "grazingAngle": 3.1415926,
                "heightAmplification": 1,
                "heightProfileFile": "VDM.dat",
                "id": 20,
                "normalVectorX": 0,
                "normalVectorY": 0.9999950652020265,
                "normalVectorZ": -0.003141587432290035,
                "orientation": "y",
                "position": 39,
                "radius": 300000,
                "sagittalSize": 0.04,
                "tangentialSize": 0.4,
                "tangentialVectorX": 0,
                "tangentialVectorY": 0.003141587432290035,
                "title": "VDM",
                "type": "sphericalMirror"
            },
            {
                "horizontalOffset": 0,
                "horizontalSize": 0.4,
                "id": 8,
                "position": 47.00244,
                "shape": "r",
                "title": "SSA",
                "type": "aperture",
                "verticalOffset": 0,
                "verticalSize": 0.4
            },
            {
                "id": 18,
                "position": 50.9,
                "title": "ES1",
                "type": "watch"
            },
            {
                "absoluteFocusPosition": "58.6899",
                "attenuationLength": "0.028541",
                "focalDistance": "1.3236",
                "focalPlane": "3",
                "horizontalApertureSize": 1,
                "id": 10,
                "material": "Be",
                "method": "calculation",
                "numberOfLenses": 23,
                "position": 57.335,
                "radius": 5e-05,
                "refractiveIndex": "8.211821e-7",
                "shape": "1",
                "title": "CRL",
                "type": "crl",
                "verticalApertureSize": 1,
                "wallThickness": 3.24e-05
            },
            {
                "id": 19,
                "position": 59,
                "title": "ES2",
                "type": "watch"
            }
        ],
        "electronBeam": {
            "beamDefinition": "t",
            "beamSelector": "NSLS-II High Beta Day 1",
            "current": 0.5,
            "drift": -1.4432500000000001,
            "driftCalculationMethod": "auto",
            "energy": 3,
            "energyDeviation": 0,
            "horizontalAlpha": 0,
            "horizontalBeta": 20.85,
            "horizontalDispersion": 0,
            "horizontalDispersionDerivative": 0,
            "horizontalEmittance": 0.9,
            "horizontalPosition": 0,
            "isReadOnly": true,
            "name": "NSLS-II High Beta Day 1",
            "rmsDivergX": 6.570043198176042,
            "rmsDivergY": 1.533929977694741,
            "rmsSizeX": 136.9854006819705,
            "rmsSizeY": 5.215361924162119,
            "rmsSpread": 0.00089,
            "verticalAlpha": 0,
            "verticalBeta": 3.4,
            "verticalDispersion": 0,
            "verticalDispersionDerivative": 0,
            "verticalEmittance": 0.008,
            "verticalPosition": 0,
            "xxprX": 0,
            "xxprY": 0
        },
        "electronBeams": [],
        "fluxAnimation": {
            "azimuthalPrecision": 1,
            "distanceFromSource": 29.5,
            "finalEnergy": 20000,
            "finalHarmonic": 15,
            "fluxType": 1,
            "horizontalApertureSize": 1,
            "horizontalPosition": 0,
            "initialEnergy": 10000,
            "initialHarmonic": 1,
            "longitudinalPrecision": 1,
            "method": 1,
            "numberOfMacroElectrons": 100000,
            "photonEnergyPointCount": 1000,
            "polarization": 6,
            "precision": 0.01,
            "verticalApertureSize": 1,
            "verticalPosition": 0
        },
        "fluxReport": {
            "azimuthalPrecision": 1,
            "distanceFromSource": 29.5,
            "finalEnergy": 20000,
            "finalHarmonic": 15,
            "fluxType": 1,
            "horizontalApertureSize": 1,
            "horizontalPosition": 0,
            "initialEnergy": 100,
            "initialHarmonic": 1,