{
    "models": {
        "beamlines": [
            {
                "angle": 0.4487989505176148,
                "count": 20,
                "distance": 1.0936262261303766,
                "id": 21,
                "items": [
                    17,
                    18,
                    18,
                    18,
                    15
                ],
                "l": 0,
                "length": 1.1100000000000003,
                "name": "BL1"
            },
            {
                "angle": 0.14959965017253826,
                "count": 6,
                "distance": 0.36727686143609656,
                "id": 18,
                "items": [
                    4,
                    5,
                    6,
                    7,
                    8,
                    9,
                    10,
                    11,
                    4
                ],
                "l": 0,
                "length": 0.37,
                "name": "QF-QD"
            }
        ],
        "bunch": {
            "D0": 0.67,
            "DP": 0,
            "DT": 0.070948361,
            "DY": 0.00067600425,
            "DZ": 0,
            "KD": "2",
            "KP": "3",
            "KT": "3",
            "KX": "2",
            "KY": "3",
            "KZ": "3",
            "P0": 0,
            "T0": -0.0297505143,
            "X0": 0.033,
            "Y0": -0.00355730459,
            "Z0": 0,
            "alpha_X": -4,
            "alpha_Y": -1.7989515,
            "alpha_Z": 1.1728545,
            "beta_X": 3,
            "beta_Y": 0.20483548,
            "beta_Z": 0.26638474,
            "emit_X": 0.0002,
            "emit_Y": 1.5e-05,
            "emit_Z": 1e-67,
            "match_twiss_parameters": "1",
            "n_cutoff2_X": 0.7,
            "n_cutoff2_Y": 0,
            "n_cutoff2_Z": 0,
            "n_cutoff_X": -0.7,
            "n_cutoff_Y": 2,
            "n_cutoff_Z": 2,
            "particleCount": 1000,
            "rigidity": 51.71103865921708,
            "type": "bunch"
        },
        "bunchAnimation": {
            "colorMap": "viridis",
            "framesPerSecond": "2",
            "histogramBins": 200,
            "horizontalOffset": 0,
            "horizontalSize": 0,
            "isRunning": 0,
            "notes": "",
            "plotRangeType": "fit",
            "startTime": 1551896884,
            "verticalOffset": 0,
            "verticalSize": 0,
            "x": "Y",
            "y": "T"
        },
        "bunchAnimation2": {
            "colorMap": "viridis",
            "framesPerSecond": "2",
            "histogramBins": 200,
            "horizontalOffset": -1.766938993371954e-35,
            "horizontalSize": 4.876586573318459e-34,
            "isRunning": 0,
            "notes": "",
            "plotRangeType": "fit",
            "startTime": 1551896884,
            "verticalOffset": 4.3520054091999086e-35,
            "verticalSize": 1.3514795061839982e-33,
            "x": "Z",
            "y": "P"
        },
        "bunchReport1": {
            "colorMap": "viridis",
            "histogramBins": 200,
            "notes": "",
            "x": "Y",
            "y": "T"
        },
        "bunchReport2": {
            "colorMap": "viridis",
            "histogramBins": 200,
            "notes": "",
            "x": "Z",
            "y": "P"
        },
        "bunchReport3": {
            "colorMap": "viridis",
            "histogramBins": 200,
            "notes": "",
            "x": "Y",
            "y": "Z"
        },
        "bunchReport4": {
            "colorMap": "viridis",
            "histogramBins": 200,
            "notes": "",
            "x": "S",
            "y": "D1"
        },
        "elements": [
            {
                "ID": 0,
                "IOP": "0",
                "IOPT": "7",
                "L": 0,
                "V": 70000,
                "_id": 15,
                "f_RF": 1355200000,
                "h": 0,
                "l": 0,
                "name": "CAV",
                "sig_s": 0,
                "type": "CAVITE"
            },
            {
                "ALE": 0.02574912458086274,
                "XCE": 0,
                "YCE": -0.001111304250932937,
                "_id": 5,
                "angle": -0.02574912458086274,
                "format": "old",
                "name": "CH1",
                "order": "",
                "type": "CHANGREF"
            },
            {
                "ALE": 0.02574912458086274,
                "XCE": 0,
                "YCE": 0.001111304250932937,
                "_id": 7,
                "angle": -0.02574912458086274,
                "format": "old",
                "name": "CH2",
                "order": "",
                "type": "CHANGREF"
            },
            {
                "ALE": -0.10054894966713188,
                "XCE": 0,
                "YCE": 0.01707551921352993,
                "_id": 9,
                "angle": 0.10054894966713188,
                "format": "old",
                "name": "CH3",
                "order": "",
                "type": "CHANGREF"
            },
            {
                "ALE": -0.10054894966713188,
                "XCE": 0,
                "YCE": -0.01707551921352993,
                "_id": 11,
                "angle": 0.10054894966713188,
                "format": "old",
                "name": "CH4",
                "order": "",
                "type": "CHANGREF"
            },
            {
                "_id": 4,
                "l": 0.1,
                "name": "DD",
                "type": "DRIFT"
            },
            {
                "_id": 8,
                "l": 0.04,
                "name": "DQ",
                "type": "DRIFT"
            },
            {
                "_id": 17,
                "name": "BEG",
                "plt": "0",
                "type": "MARKER"
            },
            {
                "ALE": 0,
                "B_1": 0.7485217218484019,
                "B_10": 0,
                "B_2": -1.52191811761,
                "B_3": 0,
                "B_4": 0,
                "B_5": 0,
                "B_6": 0,
                "B_7": 0,
                "B_8": 0,
                "B_9": 0,
                "CS_0": 0.1455,
                "CS_1": 2.267,
                "CS_2": -0.6395,
                "CS_3": 1.1558,
                "CS_4": 0,
                "CS_5": 0,
                "C_0": 0.1455,
                "C_1": 2.267,
                "C_2": -0.6395,
                "C_3": 1.1558,
                "C_4": 0,
                "C_5": 0,
                "E_10": 1,
                "E_2": 2,
                "E_3": 1.1,
                "E_4": 1,
                "E_5": 1,
                "E_6": 1,
                "E_7": 1,
                "E_8": 1,
                "E_9": 1,
                "IL": "0",
                "KPOS": "1",
                "LAM_E": 0,
                "LAM_S": 0,
                "NCE": "4",
                "NCS": "4",
                "R_0": 0.032945307582853384,
                "R_1": 0,
                "R_10": 0,
                "R_2": 0,
                "R_3": 0,
                "R_4": 0,
                "R_5": 0,
                "R_6": 0,
                "R_7": 0,
                "R_8": 0,
                "R_9": 0,
                "S_10": 1,
                "S_2": 2,
                "S_3": 1.1,
                "S_4": 1,
                "S_5": 1,
                "S_6": 1,
                "S_7": 1,
                "S_8": 1,
                "S_9": 1,
                "XCE": 0,
                "XPAS": "#250|10|250",
                "X_E": 0,
                "X_S": 0,
                "YCE": 0,
                "_id": 10,
                "color": "tomato",
                "l": 0.07,
                "name": "QD",
                "type": "MULTIPOL"
            },
            {
                "ALE": 0,
                "B_1": -0.5072134730870179,
                "B_10": 0,