{
    "models": {
        "SPNTRK": {
            "KSO": "1",
            "S_X": 0,
            "S_Y": 0,
            "S_Z": 1
        },
        "SRLOSS": {
            "KSR": "0",
            "applyToAll": "0",
            "keyword": "BEND"
        },
        "beamlines": [
            {
                "angle": 1.5707964054834493,
                "count": 10,
                "distance": 22.747658427467027,
                "id": 13,
                "items": [
                    3,
                    4,
                    5,
                    4,
                    7,
                    4,
                    5,
                    4,
                    3,
                    4,
                    5,
                    4,
                    7,
                    4,
                    5,
                    4,
                    3,
                    8,
                    7,
                    8
                ],
                "l": 0,
                "length": 26.38938104448997,
                "name": "QUARTER"
            },
            {
                "angle": 1.5707964054834493,
                "count": 10,
                "distance": 22.747658427467027,
                "id": 11,
                "items": [
                    3,
                    4,
                    5,
                    4,
                    6,
                    4,
                    5,
                    4,
                    3,
                    4,
                    5,
                    4,
                    7,
                    4,
                    5,
                    4,
                    3,
                    8,
                    7,
                    8
                ],
                "l": 0,
                "length": 26.38938104448997,
                "name": "QUARTER-DEFECT"
            },
            {
                "angle": 6.283185621933797,
                "count": 42,
                "distance": 5.062828700665635e-06,
                "id": 12,
                "items": [
                    2,
                    11,
                    13,
                    13,
                    13,
                    9
                ],
                "l": 0,
                "length": 105.55752417795988,
                "name": "RING"
            }
        ],
        "bunch": {
            "D0": 1,
            "DP": 0,
            "DT": 0,
            "DY": 0,
            "DZ": 0,
            "KD": "2",
            "KP": "2",
            "KT": "2",
            "KX": "2",
            "KY": "2",
            "KZ": "2",
            "P0": 0,
            "T0": 0,
            "X0": 0,
            "Y0": 0,
            "Z0": 0,
            "alpha_X": 0,
            "alpha_Y": 0,
            "alpha_Z": 0,
            "beta_X": 1,
            "beta_Y": 1,
            "beta_Z": 1,
            "coordinates": [
                {
                    "D": 1,
                    "P": 0,
                    "T": 6.500000000000001e-05,
                    "X": 0,
                    "Y": 0.00062,
                    "Z": 0.00458
                },
                {
                    "D": 1.0005,
                    "P": 0,
                    "T": 0.000379,
                    "X": 0,
                    "Y": 0.00356,
                    "Z": 0.00458
                },
                {
                    "D": 1.001,
                    "P": 0,
                    "T": 0.0006889999999999999,
                    "X": 0,
                    "Y": 0.00647,
                    "Z": 0.00458
                },
                {
                    "D": 1.00165,
                    "P": 0,
                    "T": 0.00109,
                    "X": 0,
                    "Y": 0.01024,
                    "Z": 0.00458
                }
            ],
            "emit_X": 1e-06,
            "emit_Y": 1e-06,
            "emit_Z": 1e-06,
            "match_twiss_parameters": "0",
            "method": "OBJET2.1",
            "n_cutoff2_X": 0,
            "n_cutoff2_Y": 0,
            "n_cutoff2_Z": 0,
            "n_cutoff_X": 3,
            "n_cutoff_Y": 3,
            "n_cutoff_Z": 3,
            "particleCount": 1000,
            "particleCount2": 4,
            "particleSelector": "1",
            "rigidity": 5018.67,
            "type": "bunch"
        },
        "bunchAnimation": {
            "aspectRatio": "1",
            "colorMap": "viridis",
            "framesPerSecond": "2",
            "histogramBins": 100,
            "horizontalOffset": -0.005118660519145807,
            "horizontalSize": 0.03255869386810177,
            "isRunning": 0,
            "notes": "",
            "particleSelector": "1",
            "plotRangeType": "none",
            "plotType": "3d",
            "showAllFrames": "1",
            "startTime": 1562793232,
            "verticalOffset": -0.0005402810082933764,
            "verticalSize": 0.0035508860505445543,
            "x": "Y",
            "y": "T"
        },
        "bunchAnimation2": {
            "aspectRatio": "1",
            "colorMap": "viridis",
            "framesPerSecond": "2",
            "histogramBins": 100,
            "horizontalOffset": 2.4384961863615356e-06,
            "horizontalSize": 0.010034546820725205,
            "isRunning": 0,
            "notes": "",
            "particleSelector": "all",
            "plotRangeType": "fit",
            "plotType": "3d",
            "showAllFrames": "1",
            "startTime": 1562793232,
            "verticalOffset": -4.322073365661816e-07,
            "verticalSize": 0.0053411941411229905,
            "x": "Z",
            "y": "P"
        },
        "bunchReport1": {
            "colorMap": "viridis",
            "histogramBins": 21,
            "notes": "",
            "x": "Y",
            "y": "T"
        },
        "bunchReport2": {
            "colorMap": "viridis",
            "histogramBins": 21,
            "notes": "",
            "x": "Z",
            "y": "P"
        },
        "bunchReport3": {
            "colorMap": "viridis",
            "histogramBins": 21,
            "notes": "",
            "x": "Y",
            "y": "Z"
        },
        "bunchReport4": {
            "colorMap": "viridis",
            "histogramBins": 21,
            "notes": "",
            "x": "S",
            "y": "D1"
        },
        "elementStepAnimation": {
            "aspectRatio": "0.5625",
            "colorMap": "contrast",
            "framesPerSecond": "2",
            "histogramBins": 200,
            "horizontalOffset": 0,
            "horizontalSize": 0,
            "isRunning": 0,
            "notes": "",
            "particleSelector": "all",
            "plotRangeType": "none",
            "plotType": "particle",
            "showAllFrames": "0",
            "startTime": 1562793232,
            "verticalOffset": 0,
            "verticalSize": 0,
            "x": "X",
            "y": "YDY"
        },
        "elements": [
            {
                "ALE": 0,
                "B1": 1.57776,
                "CS_0": 0.2401,
                "CS_1": 1.8639,
                "CS_2": -0.5572,
                "CS_3": 0.3904,
                "CS_4": 0,
                "CS_5": 0,
                "C_0": 0.2401,
                "C_1": 1.8639,
                "C_2": -0.5572,
                "C_3": 0.3904,
                "C_4": 0,
                "C_5": 0,
                "IL": "0",
                "KPOS": "3",
                "LAM_E": 0.08,
                "LAM_S": 0.08,
                "NCE": "4",
                "NCS": "4",
                "Sk": 0,
                "W_E": 0.04276056667,
                "W_S": 0.04276056667,
                "XCE": 0,
                "XPAS": "#10|30|10",
                "X_E": 0.2,
                "X_S": 0.2,
                "YCE": 0,
                "_id": 5,
                "angle": 0.39269910137086234,
                "e1": 0.04276056667,
                "e2": 0.04276056667,