{
    "models": {
        "beamlines": [],
        "commands": [],
        "dataFile": {
            "madxSirepo": true
        },
        "elements": [],
        "externalLattice": {
            "models": {
                "beamlines": [
                    {
                        "angle": 0,
                        "count": 18,
                        "distance": 5.455956108890273,
                        "id": 125,
                        "items": [
                            122,
                            123,
                            124
                        ],
                        "length": 5.4899999999999975,
                        "name": "BL"
                    },
                    {
                        "angle": 0,
                        "count": 6,
                        "distance": 1.6600000000000006,
                        "id": 122,
                        "items": [
                            101,
                            116,
                            102,
                            108,
                            101,
                            104,
                            103,
                            105,
                            103,
                            118,
                            102,
                            110,
                            103
                        ],
                        "length": 1.6600000000000006,
                        "name": "ENT_LINE"
                    },
                    {
                        "angle": 0,
                        "count": 6,
                        "distance": 1.6600000000000001,
                        "id": 124,
                        "items": [
                            103,
                            121,
                            102,
                            113,
                            103,
                            104,
                            103,
                            105,
                            101,
                            117,
                            102,
                            109,
                            101
                        ],
                        "length": 1.6600000000000001,
                        "name": "EXIT_LINE"
                    },
                    {
                        "angle": 0,
                        "count": 6,
                        "distance": 2.162536180324509,
                        "id": 123,
                        "items": [
                            114,
                            101,
                            120,
                            102,
                            112,
                            102,
                            119,
                            102,
                            111,
                            101,
                            115
                        ],
                        "length": 2.17,
                        "name": "MID_LINE"
                    }
                ],
                "bunch": {
                    "alfx": -3.237,
                    "alfy": 0.986,
                    "beamDefinition": "gamma",
                    "betx": 29.528,
                    "bety": 7.347,
                    "ex": 1e-06,
                    "ey": 1e-06,
                    "longitudinalMethod": "1",
                    "matchTwissParameters": "0",
                    "numberOfParticles": 5000,
                    "randomSeed": 123456789
                },
                "commands": [
                    {
                        "_id": 126,
                        "_type": "beam",
                        "alfx": -3.237,
                        "alfy": 0.986,
                        "bcurrent": 0,
                        "beta": 0.9918320106,
                        "betx": 29.528,
                        "bety": 7.347,
                        "brho": 24.32967563,
                        "bunched": "1",
                        "bv": 1,
                        "charge": 1,
                        "energy": 7.35392,
                        "et": 0.001,
                        "ex": 1e-06,
                        "exn": 0,
                        "ey": 1e-06,
                        "eyn": 0,
                        "gamma": 7.84,
                        "kbunch": 1,
                        "mass": 0.938,
                        "name": null,
                        "npart": 1,
                        "particle": "other",
                        "pc": 7.293853259,
                        "radiate": "0",
                        "sequence": "",
                        "sige": 0.001,
                        "sigt": 1
                    },
                    {
                        "_id": 131,
                        "_type": "twiss",
                        "alfx": -3.237,
                        "alfy": 0.986,
                        "beta0": "",
                        "betx": 29.528,
                        "bety": 7.347,
                        "centre": "0",
                        "chrom": "0",
                        "ddpx": 0,
                        "ddpy": 0,
                        "ddx": 0,
                        "ddy": 0,
                        "deltap": 0,
                        "dmux": 0,
                        "dmuy": 0,
                        "dpx": -0.281,
                        "dpy": 0,
                        "dx": -2.57,
                        "dy": 0,
                        "energy": 0,
                        "file": "1",
                        "keeporbit": "",
                        "line": "",
                        "mux": 0,
                        "muy": 0,
                        "name": null,
                        "phix": 0,
                        "phiy": 0,
                        "pt": 0,
                        "px": 0,
                        "py": 0,
                        "r11": 0,
                        "r12": 0,
                        "r21": 0,
                        "r22": 0,
                        "range": "",
                        "re11": 1,
                        "re12": 0,
                        "re13": 0,
                        "re14": 0,
                        "re15": 0,
                        "re16": 0,
                        "re21": 0,
                        "re22": 1,
                        "re23": 0,
                        "re24": 0,
                        "re25": 0,
                        "re26": 0,
                        "re31": 0,
                        "re32": 0,
                        "re33": 1,
                        "re34": 0,
                        "re35": 0,
                        "re36": 0,
                        "re41": 0,
                        "re42": 0,
                        "re43": 0,
                        "re44": 1,
                        "re45": 0,
                        "re46": 0,
                        "re51": 0,
                        "re52": 0,
                        "re53": 0,
                        "re54": 0,
                        "re55": 1,
                        "re56": 0,
                        "re61": 0,
                        "re62": 0,
                        "re63": 0,
                        "re64": 0,
                        "re65": 0,
                        "re66": 1,
                        "ripken": "0",
                        "rmatrix": "0",
                        "sectoracc": "0",
                        "sectorfile": "1",
                        "sectormap": "1",
                        "sectorpure": "0",
                        "sectortable": "",
                        "sequence": "",
                        "t": 0,
                        "tolerance": 1e-06,
                        "useorbit": "",
                        "wx": 0,
                        "wy": 0,
                        "x": 0,
                        "y": 0
                    }
                ],